task_id,split,source_split,dimension,model,score,cost_usd,input_tokens,output_tokens,total_tokens,latency_ms,cost_source
probing-0,probing,train,arithmetic,model-a,1,0.01,10,5,15,100,synthetic_fixture
probing-0,probing,train,arithmetic,model-b,0,0.02,10,5,15,200,synthetic_fixture
probing-0,probing,train,arithmetic,model-c,0.75,0.04,10,5,15,400,synthetic_fixture
probing-1,probing,train,arithmetic,model-a,1,0.01,10,5,15,100,synthetic_fixture
probing-1,probing,train,arithmetic,model-b,0,0.02,10,5,15,200,synthetic_fixture
probing-1,probing,train,arithmetic,model-c,0.75,0.04,10,5,15,400,synthetic_fixture
probing-2,probing,train,arithmetic,model-a,1,0.01,10,5,15,100,synthetic_fixture
probing-2,probing,train,arithmetic,model-b,0,0.02,10,5,15,200,synthetic_fixture
probing-2,probing,train,arithmetic,model-c,0.75,0.04,10,5,15,400,synthetic_fixture
probing-3,probing,train,text_processing,model-a,0,0.01,10,5,15,100,synthetic_fixture
probing-3,probing,train,text_processing,model-b,1,0.02,10,5,15,200,synthetic_fixture
probing-3,probing,train,text_processing,model-c,0.75,0.04,10,5,15,400,synthetic_fixture
probing-4,probing,train,text_processing,model-a,0,0.01,10,5,15,100,synthetic_fixture
probing-4,probing,train,text_processing,model-b,1,0.02,10,5,15,200,synthetic_fixture
probing-4,probing,train,text_processing,model-c,0.75,0.04,10,5,15,400,synthetic_fixture
probing-5,probing,train,text_processing,model-a,0,0.01,10,5,15,100,synthetic_fixture
probing-5,probing,train,text_processing,model-b,1,0.02,10,5,15,200,synthetic_fixture
probing-5,probing,train,text_processing,model-c,0.75,0.04,10,5,15,400,synthetic_fixture
id_test-0,id_test,test,arithmetic,model-a,1,0.01,10,5,15,100,synthetic_fixture
id_test-0,id_test,test,arithmetic,model-b,0,0.02,10,5,15,200,synthetic_fixture
id_test-0,id_test,test,arithmetic,model-c,1,0.04,10,5,15,400,synthetic_fixture
id_test-1,id_test,test,arithmetic,model-a,1,0.01,10,5,15,100,synthetic_fixture
id_test-1,id_test,test,arithmetic,model-b,0,0.02,10,5,15,200,synthetic_fixture
id_test-1,id_test,test,arithmetic,model-c,0,0.04,10,5,15,400,synthetic_fixture
id_test-2,id_test,test,text_processing,model-a,0,0.01,10,5,15,100,synthetic_fixture
id_test-2,id_test,test,text_processing,model-b,1,0.02,10,5,15,200,synthetic_fixture
id_test-2,id_test,test,text_processing,model-c,1,0.04,10,5,15,400,synthetic_fixture
id_test-3,id_test,test,text_processing,model-a,0,0.01,10,5,15,100,synthetic_fixture
id_test-3,id_test,test,text_processing,model-b,1,0.02,10,5,15,200,synthetic_fixture
id_test-3,id_test,test,text_processing,model-c,0,0.04,10,5,15,400,synthetic_fixture
